seriesuid,coordX-error,coordY-error,coordZ-error,diameter_mm-error
LKDS-00340,47.0763825411,17.0646709324,0.0,4.297794082802149
LKDS-00340,68.9513825411,114.18532906760001,0.625,13.060171863395361
LKDS-00008,162.0602456100841,26.444918127620724,1.0000044139999886,0.34301768041718717
LKDS-00008,28.075823880042606,23.710542173946408,0.9999955860000114,3.4687505791293454
LKDS-00008,69.09146318515735,15.507414312923459,0.9999955860000114,4.313305718670971
LKDS-00008,53.36880145153003,12.773038359249142,4.413999988628348e-06,10.844608204592578
LKDS-00146,151.94182645362187,49.66215505969177,0.05831768300004114,5.910299412731934
LKDS-00311,21.985853040500004,0.06334459460000019,0.625,6.168005530068985
LKDS-00311,123.3266469595,44.5945945946,0.625,2.472845490744003
LKDS-00311,109.4858530405,4.7508445946,0.625,7.031756099035629
LKDS-00311,95.4233530405,79.6241554054,0.625,5.823869880010971
LKDS-00311,142.8578969595,72.7195945946,0.0,8.057606283853165
LKDS-00311,24.329603040500004,53.9695945946,0.0,5.823869880010971
LKDS-00311,29.576646959499996,59.4383445946,0.0,8.868242804238907
LKDS-00228,100.84301109173109,18.708578988803367,6.103999965034745e-06,10.221597331854175
LKDS-00228,100.11449510910322,23.07967488457058,1.000006103999965,11.967987912985157
LKDS-00228,32.47541372916888,25.993738815082054,1.000006103999965,8.503178495260547
LKDS-00228,50.688313294865594,31.821866676105003,1.000006103999965,13.086021798940967
LKDS-00228,77.53049964763929,29.636318728221397,1.000006103999965,7.403320211263965
LKDS-00228,11.348450232960687,35.464446589244346,1.000006103999965,6.377817529531788
LKDS-00228,135.0832622752409,65.33360187698696,1.000006103999965,6.89689169516914
LKDS-00228,130.82507138393115,130.90004031349514,1.000006103999965,10.298931020590137
LKDS-00228,124.26842754028033,158.58364765335415,1.000006103999965,1.3005675257170903
LKDS-00228,137.26881022312452,73.34727768589352,0.999993896000035,5.630654233785938
LKDS-00228,55.787925173260675,138.9137161224017,0.999993896000035,5.927582639547657
LKDS-00141,116.81721933382673,12.227383451339847,0.9999389649999557,16.5581074975591
LKDS-00141,151.68051274317426,4.1788722707060515,0.9999389649999557,9.278025748596699
LKDS-00210,58.90924270086717,38.19818532185241,2.441399999497662e-05,1.950555274563662
LKDS-00210,63.69440061979722,17.006771680876454,2.441399999497662e-05,1.387558510226377
LKDS-00367,125.15835711353434,7.208955672803214,0.0,11.25716985895547
LKDS-00367,138.79117676609172,48.685604902682016,0.0,12.850433214164648
LKDS-00367,86.30482110374582,18.011760684427927,1.25,8.85247836873618
LKDS-00367,4.507903188401585,22.10160658019514,1.25,9.712063653922948
LKDS-00367,114.09762778884756,40.60936382156878,1.25,7.159063203788671
LKDS-00367,84.25989815586222,31.6445803369853,1.25,14.424981458640966
LKDS-00367,23.43937709934103,27.554734441218088,1.25,2.3378151492842765
LKDS-00060,153.7140788043,37.108100543500015,0.6000000243309387,15.76753416841293
LKDS-00060,172.0734538043,19.483100543500015,0.6000000243309387,5.553021280119175
LKDS-00060,63.38595380429999,29.764350543500015,0.6000000243309387,19.858264835527187
LKDS-00060,199.2453288043,23.845024456499985,0.6000000243309387,5.629962293455357
LKDS-00060,8.307828804299987,40.045600543500015,0.6000000233527771,12.94349280183578
LKDS-00060,155.1828288043,29.029975543500015,4.890807758783922e-10,3.2055331152174418
LKDS-00166,27.038087391362794,106.70201633766126,0.86823855800003,11.27939596225664
LKDS-00327,187.5697804235705,24.12005831254585,1.675516614341177e-09,9.49568319300271
LKDS-00327,60.10291667215907,9.805597677360609,1.675516614341177e-09,2.1302559377803707
LKDS-00327,25.339226558137767,9.280349836219713,1.675516614341177e-09,8.027149915491114
LKDS-00327,139.8549116396197,12.006913766731188,1.675516614341177e-09,5.959811448846827
LKDS-00327,26.020867540765636,51.54209075914757,1.675516614341177e-09,3.4022929666385746
LKDS-00157,142.9455862499371,11.10963802120105,0.9999389649999557,4.2241925913202145
LKDS-00157,0.7580366588726548,1.5393221833409427,0.9999389649999557,11.988126782764258
LKDS-00157,152.5159020877972,1.5393221833409427,6.103500004428497e-05,0.4630975443231442
LKDS-00157,129.9573004699841,72.2888285658656,6.103500004428497e-05,8.679294614185157
LKDS-00226,191.15341126953882,80.561363760677,0.4032661839999889,27.92883771682324
LKDS-00226,165.41902768646997,84.13558370276989,0.4032661839999889,22.97957128310742
LKDS-00226,207.59482300316614,54.11213618918958,0.4032661839999889,33.141949594264645
LKDS-00226,3.864286303871083,3.0753828842967526,0.4032661839999889,9.391196191554684
LKDS-00226,189.00887930428308,19.51679461792407,0.4032661839999889,26.333074510341305
LKDS-00226,186.86434733902735,49.108228270259524,1.653266183999989,14.267592370753903
LKDS-00310,1.9333777415263,28.520933279986963,0.6999999880836612,4.158395965880107
LKDS-00310,0.32790970678203735,8.45258284568368,0.6999999880836612,1.741609851533223
LKDS-00310,147.37514948969013,50.99748576640664,4.590106073010247e-12,18.901934901887227
LKDS-00310,145.76968145494587,59.827559957500085,0.6999999880744809,1.743622024840068
LKDS-00121,1.123369764900005,68.0892955547,0.625,24.52280290832593
LKDS-00121,45.654619764900005,45.1919544453,0.625,22.345451433563966
LKDS-00121,48.779619764900005,45.1919544453,0.0,17.78828438034131
LKDS-00121,204.34538023509998,131.12945444529998,0.0,13.836830217743653
LKDS-00365,119.09556806049994,146.56287038323762,0.9999877900000911,0.9506610394803614
LKDS-00365,46.5799058672016,144.47107243535402,0.9999877900000911,1.6711128712979884
LKDS-00365,151.1698032613819,128.43395483491304,0.9999877900000911,0.0971595286043554
LKDS-00354,19.88502929095729,7.067347517101695,0.5999511942327445,5.468587040775293
LKDS-00354,149.07602408047217,9.15328644761317,0.6000488534509714,13.03085720526504
LKDS-00354,13.489993597226302,52.958003988354136,0.6000488534509714,5.267762303226465
LKDS-00017,21.56137495293663,8.400666321511494,1.4167826359999935,11.635527058311325
LKDS-00017,12.715974757527846,26.910435165162312,1.4167826359999935,20.551295681663376
LKDS-00017,24.30356292977379,30.33817013620876,0.16678263599999354,30.78791777677141
LKDS-00017,221.0555502678399,29.65262314199947,0.16678263599999354,22.7595257002791
LKDS-00017,148.3875688816552,89.98075863241695,1.0832173640000065,19.530719204612595
LKDS-00241,21.776171349050287,11.369514182217529,111.25,6.114091823523243
LKDS-00241,151.85425343370605,7.419542118899415,111.25,2.4270973702023433
LKDS-00241,185.81908597803283,24.763286396853516,111.25,11.104310224478443
LKDS-00241,68.74881210184265,28.37656645476062,111.25,7.070374916022022
LKDS-00241,186.54174198961425,67.39999108015735,111.25,5.259230564062793
LKDS-00241,181.4831499085443,21.48669834435742,108.75,6.913450668280323
LKDS-00241,168.47534170007873,103.5327916592284,108.75,1.8704624672482417
LKDS-00241,156.19018950319457,30.158570483334472,1.25,5.811407993262012
LKDS-00241,176.42455782747436,55.837494894854615,1.25,3.1265172461916997
LKDS-00241,38.39725961542297,20.764042332776,97.5,10.342771242087085
LKDS-00241,184.37377395487,30.158570483334472,67.5,11.714899967138965
LKDS-00241,156.19018950319457,5.5882660895661616,67.5,9.547649810736377
LKDS-00241,216.1706384644525,17.536726281039307,67.5,7.894819309289257
LKDS-00241,58.63162793970275,40.275754645474365,110.0,4.691766689245899
LKDS-00241,208.9440783486383,34.88047055899341,110.0,0.6006508369992183
LKDS-00241,182.92846193170715,71.01327113806445,110.0,2.134921977942188
LKDS-00241,187.9870540127771,10.310166165225098,1.25,13.135927249963085
LKDS-00241,49.9597558007257,32.712502524249146,95.0,1.709041645104687
LKDS-00241,182.92846193170715,20.764042332776,65.0,6.913450668280323
LKDS-00241,168.47534170007873,102.81013564764697,65.0,0.009042690222461403
LKDS-00241,2.264459036351923,18.259382292620728,96.25,1.2117605705807613
LKDS-00241,137.40113320207763,55.837494894854615,96.25,6.9206047554562495
LKDS-00241,19.75259765005029,75.23652031681753,1.25,4.8167794931767585
LKDS-00241,149.83067973470605,56.44746401570059,1.25,13.357968686902344
LKDS-00241,183.79551227903283,39.10371973774649,1.25,0.17343890777844218
LKDS-00241,66.72523840284265,35.49043967983938,1.25,3.8604964006779787
LKDS-00241,184.51816829061426,3.5329849455573488,1.25,5.671640752637208
LKDS-00241,179.4595762095443,85.35370447895743,1.25,4.017420648419678
LKDS-00241,166.45176800107873,39.66578552462839,1.25,12.801333783948243
LKDS-00241,154.16661580419458,94.02557661793448,108.75,5.119463323437989
LKDS-00241,174.40098412847436,8.029511239745386,108.75,7.804354070508301
LKDS-00241,36.37368591642297,84.631048467376,12.5,0.5881000746129152
LKDS-00241,182.35020025587,94.02557661793448,42.5,0.7840286504389646
LKDS-00241,154.16661580419458,69.45527222416617,42.5,1.3832215059636233
LKDS-00241,214.1470647654525,46.3302798535607,42.5,18.825690625989257
LKDS-00241,56.60805424070276,104.14276078007437,0.0,6.239104627454102
LKDS-00241,206.9205046496383,28.98653557560659,0.0,11.53152215369922
LKDS-00241,180.90488823270715,7.146265003464453,0.0,8.795949338757813
LKDS-00241,185.9634803137771,53.556839969374906,111.25,24.066798566663085
LKDS-00241,47.936182101725706,31.154503610350854,15.0,12.639912961804688
LKDS-00241,180.90488823270715,84.631048467376,45.0,4.017420648419678
LKDS-00241,166.45176800107873,38.94312951304697,45.0,10.92182862647754
LKDS-00241,0.2408853373519264,45.607623841979276,13.75,12.142631887280762
LKDS-00241,135.37755950307763,8.029511239745386,13.75,17.85147607215625
LKDS-00241,6.2148416996497104,108.66681682721753,15.0,3.657261081416758
LKDS-00241,123.86324038500605,89.87776052610059,15.0,12.198450275142344
LKDS-00241,157.82807292933285,72.53401624814649,15.0,1.3329573195384423
LKDS-00241,40.75779905314265,68.92073619023938,15.0,2.7009779889179786
LKDS-00241,158.55072894091427,29.897311564842653,15.0,4.512122340877207
LKDS-00241,153.49213685984432,118.78400098935742,12.5,2.857902236659678
LKDS-00241,140.48432865137875,6.235489014228392,12.5,11.641815372188242
LKDS-00241,128.1991764544946,127.45587312833447,95.0,3.9599449116779883
LKDS-00241,148.43354477877438,41.45980775014539,95.0,6.644835658748301
LKDS-00241,10.40624656672297,118.061344977776,1.25,0.5714183371470849
LKDS-00241,156.38276090617,127.45587312833447,28.75,1.9435470621989648
LKDS-00241,128.1991764544946,102.88556873456616,28.75,0.2237030942036231
LKDS-00241,188.17962541575253,79.7605763639607,28.75,17.666172214229256
LKDS-00241,30.640614891002755,137.57305729047437,13.75,5.079586215694102
LKDS-00241,180.95306529993832,62.41683208600659,13.75,10.372003741939219
LKDS-00241,154.93744888300716,26.28403150693555,13.75,7.636430926997813
LKDS-00241,159.9960409640771,86.9871364797749,97.5,22.907280154903084
LKDS-00241,21.968742752025705,64.58480012075086,1.25,11.480394550044688
LKDS-00241,154.93744888300716,118.061344977776,31.25,2.857902236659678
LKDS-00241,140.48432865137875,5.512833002646971,31.25,9.76231021471754
LKDS-00241,25.726554012348075,79.03792035237927,0.0,10.983113475520762
LKDS-00241,109.41012015337763,41.45980775014539,0.0,16.69195766039625
LKDS-00241,2.3946836462503,113.83957641261753,45.0,2.6309246129467576
LKDS-00241,132.47276573090608,95.05052011150059,45.0,11.172113806672343
LKDS-00241,166.43759827523286,77.70677583354649,45.0,2.3592937880084426
LKDS-00241,49.36732439904266,74.09349577563938,45.0,1.6746415204479783
LKDS-00241,167.16025428681428,35.070071150242654,45.0,3.485785872407207
LKDS-00241,162.10166220574433,123.95676057475742,42.5,1.8315657681896775
LKDS-00241,149.09385399727876,1.0627294288283906,42.5,10.615478903718241
LKDS-00241,136.8087018003946,132.62863271373448,65.0,2.933608443207988
LKDS-00241,157.0430701246744,46.63256733554539,65.0,5.618499190278301
LKDS-00241,19.01577191262298,123.234104563176,31.25,1.5977548056170852
LKDS-00241,164.99228625207002,132.62863271373448,1.25,2.969883530668965
LKDS-00241,136.8087018003946,108.05832831996617,1.25,0.8026333742663772
LKDS-00241,196.78915076165254,84.9333359493607,1.25,16.639835745759257
LKDS-00241,39.250140236902766,142.74581687587437,43.75,4.053249747224101
LKDS-00241,189.56259064583833,67.5895916714066,43.75,9.345667273469218
LKDS-00241,163.54697422890717,31.45679109233555,43.75,6.610094458527812
LKDS-00241,168.60556630997712,92.1598960651749,67.5,21.880943686433085
LKDS-00241,30.578268097925715,69.75755970615086,28.75,10.454058081574686
LKDS-00241,163.54697422890717,123.234104563176,1.25,1.8315657681896775
LKDS-00241,149.09385399727876,0.3400734172469697,1.25,8.735973746247538
LKDS-00241,17.117028666448064,84.21067993777928,30.0,9.95677700705076
LKDS-00241,118.01964549927764,46.63256733554539,30.0,15.665621191926249
LKDS-00006,138.39016425615134,4.3551855898753615,0.6999999880699193,10.380059852515357
LKDS-00006,137.69875824456992,41.69111021527209,0.6999999880699193,9.8190590001
LKDS-00006,9.097240090425629,94.9293731070415,0.6999999880699193,10.18747748366465
LKDS-00006,175.72608888154807,107.37468131550708,0.6999999880699193,0.5874353505028314
LKDS-00006,4.257398009355683,14.034869752015254,9.15179043659009e-12,6.70352162352671
LKDS-00006,150.8354724646169,19.56611784466662,9.15179043659009e-12,1.7241588688744134
LKDS-00123,92.53415253966998,0.6225415073322722,6.103500004428497e-05,8.04224282751289
LKDS-00138,134.6425704774311,48.49975626350006,1.25,0.9421145822303707
LKDS-00138,130.53124056429175,80.56812958598694,1.25,1.0940234567420895
LKDS-00138,17.476636308724622,52.611086176639404,1.25,4.691298732588965
LKDS-00208,132.2146370234032,84.61482429061796,1.25,11.536391686132305
LKDS-00208,48.09153757710652,81.18122839485075,1.25,0.05739550716603503
LKDS-00208,11.466514688922928,70.88044070754911,1.25,3.1029458535405468
LKDS-00208,52.66966543812947,68.59137677703764,1.25,4.086832572290547
LKDS-00208,129.35330711026387,16.103988651886926,1.25,2.8687948691157032
LKDS-00208,129.35330711026387,19.37650227104093,0.0,1.6005033957270314
LKDS-00324,13.986853731063903,10.859744103914807,0.6000000258700311,5.803340487154005
LKDS-00324,2.599078523727357,44.031608613497326,0.6000000218136847,10.067016072599413
LKDS-00324,141.31778465470882,33.620710579389026,0.6000000218136847,2.6902250722332024
LKDS-00324,150.36465679368587,11.613650115496227,2.02817318495363e-09,10.462251476915357
LKDS-00324,13.90766869744867,25.327744451993397,2.02817318495363e-09,0.7556958719806648
LKDS-00071,15.623023415038844,46.77647573964259,1.0000610350000443,2.3080111409400876
LKDS-00071,19.24026999430869,9.278231310680894,1.0000610350000443,2.3080111409400876
LKDS-00071,164.6465128902891,73.53606622202733,1.0000610350000443,1.4674438570762698
LKDS-00071,126.36524953884866,40.62412984387538,50.999938964999956,4.551427688715356
LKDS-00071,125.68165555043008,3.7100544692721087,50.999938964999956,15.6476911639
LKDS-00071,1.4668262954256335,48.92668263895848,50.999938964999956,4.358845319864648
LKDS-00071,163.27932491345194,61.231374430492906,50.999938964999956,6.416067514302832
LKDS-00071,137.98634734196452,22.850686144992324,51.999938964999956,2.7502647305702146
LKDS-00071,11.52145948452737,26.26865608708522,49.999938964999956,1.695000085713965
LKDS-00071,150.97463312191752,22.850686144992324,49.999938964999956,4.138715181233985
LKDS-00071,16.990211391876002,0.2920845271792132,49.999938964999956,4.135951843378442
LKDS-00071,115.42774572415139,40.62412984387538,6.103500004428497e-05,4.3315139676307615
LKDS-00071,99.70508399052407,20.799904179736586,6.103500004428497e-05,9.273398790242773
LKDS-00071,131.90489120236117,1.2951501543574295,52.000061035000044,2.1343458167900877
LKDS-00071,166.7681846117087,57.349857204680916,52.000061035000044,2.1343458167900877
LKDS-00071,17.118598272889088,121.60769211602735,52.000061035000044,1.6411091812262697
LKDS-00071,21.162665078551342,7.447496050124641,6.103500004428497e-05,4.377762364565356
LKDS-00071,21.84625906696992,44.36157142472791,6.103500004428497e-05,15.82135648805
LKDS-00071,148.99474091282565,96.9983085329585,6.103500004428497e-05,4.185179995714648
LKDS-00071,15.75141029605193,109.30300032449293,6.103500004428497e-05,6.589732838452832
LKDS-00071,9.541567275435497,25.220939749007698,0.9999389649999557,2.5765994064202147
LKDS-00071,136.00645513287265,21.802969806914803,1.0000610350000443,1.868665409863965
LKDS-00071,3.4467185045175057,25.220939749007698,1.0000610350000443,4.3123805053839845
LKDS-00071,130.537703225524,47.77954136682081,1.0000610350000443,3.962286519228442
LKDS-00071,32.10016889324861,7.447496050124641,51.000061035000044,4.1578486434807616
LKDS-00071,47.82283062687593,27.271721714263435,51.000061035000044,9.447064114392774
LKDS-00032,116.7296765734,33.49366258699999,0.999975586000005,5.083592160334961
LKDS-00032,95.4328015734,50.95946241300001,1.000024413999995,5.083592160334961
LKDS-00032,117.4640515734,11.303212413000011,1.000024413999995,8.407614393821136
LKDS-00032,28.6765734266,14.975087413000011,2.441399999497662e-05,5.216445223698242
LKDS-00343,16.75920471388413,2.9116206853179847,0.999975586000005,3.525604382701758
LKDS-00343,129.55221280294967,5.645996638992301,2.441399999497662e-05,21.954477115921136
LKDS-00343,121.34908494192673,7.013184615829459,1.000024413999995,16.120410307697412
LKDS-00343,41.36858829695298,2.2280266968994056,1.000024413999995,14.755889757923242
LKDS-00201,68.277397826949,4.077665923641149,73.60000109655789,10.450927951573487
LKDS-00201,61.09060232277787,23.853665946529333,0.8000000117533546,7.895514228581543
LKDS-00201,36.37060229416764,115.31766605238718,0.8000000117533546,0.6880419466503902
LKDS-00201,83.10939784411514,18.085665939853612,74.40000110847882,2.5358454968920903
LKDS-00201,140.78939791087234,61.75766599039835,74.40000110847882,14.536000707387085
LKDS-00201,123.48539789084518,106.25366604189676,74.40000110847882,16.31271991991913
LKDS-00201,83.10939784411514,120.26166605810923,74.40000110847882,10.307321288823243
LKDS-00201,98.76539786223495,8.282334090663966,0.8000000120885034,8.187529304265137
LKDS-00201,33.07460229035294,24.762334109737452,1.6757439880166203e-10,7.665504195927735
LKDS-00201,52.091124269489,76.75987916785884,0.80000001144208,19.441144132473486
LKDS-00201,77.27687588023787,56.98387914497066,73.60000109624661,16.885730409481543
LKDS-00201,52.55687585162764,34.48012096088719,73.60000109624661,8.302174234249609
LKDS-00201,66.92312428665514,62.75187915164638,4.788489604834467e-10,11.52606167779209
LKDS-00201,124.60312435341234,19.079879101101643,4.788489604834467e-10,23.526216888287085
LKDS-00201,107.29912433338518,25.41612095039677,4.788489604834467e-10,25.302936100819128
LKDS-00201,66.92312428665514,39.42412096660924,4.788489604834467e-10,19.297537469723242
LKDS-00201,82.57912430477495,89.11987918216396,75.20000112008847,17.177745485165136
LKDS-00201,49.26087584781294,105.59987920123744,74.40000110816754,16.655720376827734
LKDS-00376,99.85073852541358,77.95261812209706,0.625,8.167059183493457
LKDS-00376,125.08512973787695,28.96821165084462,0.625,8.54446530379375
LKDS-00376,137.70232534410866,22.288519859310195,0.625,9.685753583535352
LKDS-00376,70.11030817029565,17.04744291305919,0.0,4.774585962668262
LKDS-00351,79.9634451728804,30.961845016013157,194.59999668601438,4.3940605804666015
LKDS-00351,67.02866651001145,41.1474927906885,194.59999668601438,2.674121887947705
LKDS-00351,96.60406158981155,47.60246143294431,195.29999667409345,2.3081558063284424
LKDS-00351,44.84117795410324,35.121999120245945,195.29999667409345,2.2016775920645264
LKDS-00351,134.04544852790664,41.840851808060634,195.29999667409345,19.766365496848437
LKDS-00351,44.84117795410324,58.48146822499179,195.29999667409345,3.508492915366504
LKDS-00351,51.08140911045242,13.627869581709874,90.2999984622328,1.068439038063672
LKDS-00351,76.49665008601974,3.0127468352212787,90.2999984622328,3.7902464554055664
LKDS-00351,43.454459919358975,1.1474072690115094,163.09999722245618,2.646690638329175
LKDS-00351,5.3197139638917506,1.626028800477016,195.99999666217252,10.72942492220244
LKDS-00351,44.147818936731106,7.3876384253606915,162.3999972343771,15.662966220115038
LKDS-00351,53.16148616256881,3.70610585259341,163.79999721053525,2.4085373565896484
LKDS-00351,78.57672713813614,7.172900939454067,163.79999721053525,0.07581618573823246
LKDS-00351,107.69780586776565,5.307561373244297,0.6999999880464429,5.790716616843555
LKDS-00351,87.59039436397384,71.65528955506228,0.6999999880464429,15.294651477073046
LKDS-00351,76.49665008601974,2.534125303755772,3.26281224261038e-11,24.617615191672655
LKDS-00351,97.99077962455581,64.9364368672476,118.29999798539563,21.53464361879668
LKDS-00351,19.88025332870651,11.54779252959348,90.99999845031186,12.890224902366015
LKDS-00351,67.72202552738358,29.36038949536227,90.99999845031186,1.4157450511709717
LKDS-00351,16.413458241845852,78.5888797287836,90.99999845031186,7.994926898215625
LKDS-00351,153.20432092678038,85.17019888301317,104.29999822381438,4.006246560806601
LKDS-00351,6.212209243888552,13.060861076311511,104.29999822381438,3.0619359076077055
LKDS-00351,169.84493734371154,101.81081529994432,104.99999821189346,2.695969825988443
LKDS-00351,28.399697799796755,89.33035298724596,104.99999821189346,2.589491611724527
LKDS-00351,207.28632428180663,12.36750205893938,104.99999821189346,19.378551477188438
LKDS-00351,28.399697799796755,4.273114357991773,104.99999821189346,3.1206788957065035
LKDS-00351,22.159466643447573,67.83622344870989,3.2791547255328624e-11,1.4562530577236723
LKDS-00351,149.73752583991973,51.195607031778735,3.2791547255328624e-11,3.402432435745566
LKDS-00351,29.786415834541017,55.35576113601152,72.79999876025619,3.0345046579891752
LKDS-00351,67.92116179000824,52.582325066523,105.69999819997253,10.341610902542442
LKDS-00351,29.093056817168886,61.595992292360705,72.09999877217712,15.27515220045504
LKDS-00351,20.07938959133118,50.502248014406604,73.49999874833526,2.020723336929648
LKDS-00351,151.81760289203612,47.03545292754595,73.49999874833526,0.46363020539823285
LKDS-00351,180.93868162166564,59.51591524024431,90.99999845024644,5.402902597183554
LKDS-00351,160.83127011787383,17.44693568806227,90.99999845024644,14.906837457413047
LKDS-00351,149.73752583991973,56.742479170755786,90.29999846216737,24.229801172012657
LKDS-00351,171.2316553784558,119.14479073424761,27.999999523195633,21.14682959913668
LKDS-00351,53.36062242519348,65.7561463965935,0.6999999881118626,12.502410882706016
LKDS-00351,5.51885022651642,24.847964371637744,0.6999999881118626,1.803559070830972
LKDS-00351,56.82741751205414,24.380525861783582,0.6999999881118626,7.607112878555625
LKDS-00351,140.44496802578038,75.86746307801317,76.99999868869438,6.195361817483398
LKDS-00351,6.547143657111448,3.7581252713115134,76.99999868869438,13.263544285897705
LKDS-00351,157.08558444271154,92.50807949494433,77.69999867677345,12.897578204278442
LKDS-00351,15.640344898796755,80.02761718224596,77.69999867677345,12.791099990014526
LKDS-00351,194.52697138080663,3.064766253939382,77.69999867677345,9.176943098898438
LKDS-00351,15.640344898796755,13.57585016299177,77.69999867677345,7.080929482583496
LKDS-00351,9.400113742447573,58.53348764370989,27.29999953508721,11.657861436013672
LKDS-00351,136.97817293891973,41.89287122677874,27.29999953508721,6.799175942544434
LKDS-00351,17.027062933541018,46.053025331011526,45.49999922513618,13.236113036279175
LKDS-00351,55.16180888900824,43.279589261523,78.39999866485252,0.14000252425244142
LKDS-00351,16.333703916168886,52.29325648736071,44.79999923705711,5.073543822165039
LKDS-00351,7.320036690331179,41.199512209406606,46.19999921321525,8.180885041360352
LKDS-00351,139.05824999103612,37.73271712254595,46.19999921321525,10.665238583688232
LKDS-00351,168.17932872066564,50.213179435244314,118.29999798536645,4.798705781106445
LKDS-00351,148.07191721687383,26.749671493062266,118.29999798536645,4.705229079123047
LKDS-00351,136.97817293891973,47.43974336575579,117.59999799728737,14.028192793722656
LKDS-00351,158.4723024774558,109.84205492924761,0.6999999880756302,10.94522122084668
LKDS-00351,40.601269524193484,56.453410591593496,26.59999954700814,2.3008025044160156
LKDS-00351,7.240502674483579,15.545228566637746,26.59999954700814,12.005167449120972
LKDS-00351,44.06806461105414,33.68326166678358,26.59999954700814,2.594495499734375
LKDS-00351,20.903555980319595,3.125224628686837,31.49999946351437,13.686332282083399
LKDS-00351,167.89566766321144,75.2345624353885,31.49999946351437,20.754514750497705
LKDS-00351,4.262939563388443,13.515391788244315,32.19999945159344,20.388548668878443
LKDS-00351,145.70817910730324,1.034929475545951,32.19999945159344,20.282070454614527
LKDS-00351,33.17844737470665,75.92792145276063,32.19999945159344,1.6859726342984374
LKDS-00351,145.70817910730324,92.56853786969178,32.19999945159344,14.571899947183496
LKDS-00351,151.94841026365242,20.45920006299012,72.79999876026721,19.148831900613672
LKDS-00351,24.370351067180252,37.09981647992127,72.79999876026721,14.290146407144434
LKDS-00351,144.32146107255898,32.939662375688485,4.382627594168298e-11,20.727083500879175
LKDS-00351,106.18671511709175,35.71309844517701,32.89999943967251,7.350967940347559
LKDS-00351,145.0148200899311,26.699431219339303,0.6999999881228973,2.417426642434961
LKDS-00351,154.0284873157688,37.793175497293404,0.6999999880352448,15.671855505960352
LKDS-00351,22.290274015063858,41.25997058415406,0.6999999880352448,18.156209048288233
LKDS-00351,6.830804714565659,28.779508271455697,163.79999721054645,12.289676245706445
LKDS-00351,13.27660678922615,105.74235919976228,163.79999721054645,2.7857413854769533
LKDS-00351,24.370351067180252,31.552944340944222,163.09999722246738,6.537222329122656
LKDS-00351,2.87622152864418,30.8493672225476,44.79999923710437,3.4542507562466795
LKDS-00351,120.74725448190651,22.539277115106515,72.09999877218814,5.1901679601839845
LKDS-00351,168.58902668058357,63.447459140062264,72.09999877218814,19.496137913720972
LKDS-00351,117.28045939504585,112.67594937348359,72.09999877218814,10.085465964334375
LKDS-00351,63.648834719080405,49.603185487013164,0.6999999880856222,1.2138959091833978
LKDS-00351,83.34327696381143,22.506152319688496,0.6999999880856222,8.282078377597704
LKDS-00351,80.28945113601156,66.24380190394432,6.551204023708124e-12,7.916112295978442
LKDS-00351,61.15578840790324,53.76333959124595,6.551204023708124e-12,7.809634081714526
LKDS-00351,117.73083807410666,23.199511337060628,6.551204023708124e-12,14.158409007198438
LKDS-00351,61.15578840790324,39.84012775399178,6.551204023708124e-12,2.0994635742834955
LKDS-00351,67.39601956425241,32.26921005270988,104.99999821186721,6.676395527713671
LKDS-00351,60.18203963221975,15.628593635778728,104.99999821186721,1.817710034244433
LKDS-00351,59.769070373158975,19.788747740011516,32.19999945164382,8.254647127979174
LKDS-00351,21.63432441769175,17.01531167052299,0.6999999880725198,5.121468432552442
LKDS-00351,60.462429390531106,26.028978896360698,32.89999943972289,10.05500973046504
LKDS-00351,69.4760966163688,14.935234618406596,31.49999946356475,3.199419133060351
LKDS-00351,62.26211668433614,11.46843953154594,31.49999946356475,5.683772675388232
LKDS-00351,91.38319541396567,23.948901844244304,195.99999666214643,0.18276012719355528
LKDS-00351,71.27578391017386,53.013949084062276,195.99999666214643,9.686694987423047
LKDS-00351,60.18203963221975,21.17546577475578,195.29999667406736,19.009658702022655
LKDS-00351,81.67616917075583,83.5777773382476,76.99999868870437,15.92668712914668
LKDS-00351,36.19486378250651,30.189133000593486,104.29999822378814,7.282268412716016
LKDS-00351,84.03663598118357,10.719049024362263,104.29999822378814,7.023701540820971
LKDS-00351,32.72806869564585,59.94753925778359,104.29999822378814,2.3869704085656256
LKDS-00130,74.33262409198494,106.16930709146274,0.0,1.9798851691857227
LKDS-00130,106.24670709598274,60.89584050439609,0.0,3.4277014053687207
LKDS-00130,76.33153520595818,43.82551703714145,1.25,3.236222335018242
LKDS-00130,66.1685563467762,8.200494148957862,1.25,9.606679030574883
LKDS-00018,63.12378876,16.8846899225,0.0,5.825028462243672
LKDS-00018,174.06128876,44.8340600775,0.625,4.30054135816038
LKDS-00018,193.59253876,34.6778100775,0.625,6.402192073034648
LKDS-00018,42.81128876,29.2090600775,0.625,2.575571971105937
LKDS-00372,196.365537037,43.32427777799998,1.0,7.805361878028242
LKDS-00372,59.803037036999996,15.293027777999981,0.0,19.674969803443283
LKDS-00372,26.740537036999996,43.32427777799998,0.0,7.006562102684649
LKDS-00372,166.896787037,41.16802777799998,0.0,8.581110347160967
LKDS-00372,66.990537037,49.79302777799998,0.0,11.11551393186125
LKDS-00372,162.584287037,13.456972222000019,2.0,9.381758820166914
LKDS-00372,188.459287037,26.79302777799998,1.0,1.9370568879934869
LKDS-00372,57.646787036999996,8.824277777999981,1.0,4.290817130455645
LKDS-00372,196.41466727899999,43.288457720999986,2.0,8.543402888368242
LKDS-00372,59.852167278999985,15.257207720999986,1.0,20.41301081378328
LKDS-00372,26.789667278999985,43.288457720999986,1.0,6.268521092344649
LKDS-00372,166.94591727899999,41.132207720999986,1.0,7.843069336820967
LKDS-00372,67.03966727899999,49.757207720999986,1.0,11.85355494220125
LKDS-00372,162.63341727899999,13.492792279000014,1.0,10.119799830506913
LKDS-00372,188.50841727899999,26.757207720999986,0.0,1.199015877653487
LKDS-00372,57.695917278999985,8.788457720999986,0.0,3.552776120115645
LKDS-00318,21.337701264381423,64.43340808436938,2.642536856001243e-09,12.334044721020977
LKDS-00318,15.478325310707106,97.3923978237874,0.6000000264843948,6.067857053174297
LKDS-00318,156.1033481988907,84.2088019280202,0.600000021199321,6.8584959768193166
LKDS-00318,0.09746343231202559,39.53106028125353,0.600000021199321,1.7076123021977345
LKDS-00318,27.92949921226503,27.07988637969561,0.600000021199321,0.3492696546452443
LKDS-00080,138.5055080935,10.779563848899997,1.25,1.9105080959400382
LKDS-00080,18.291366906500002,27.189186151100003,0.0,15.962080418785497
LKDS-00080,133.5836330935,15.236061151100003,0.0,14.085477769096777
LKDS-00080,149.0523830935,14.295188848899997,1.25,2.8513306972583976
LKDS-00080,15.458633093499998,50.8576888489,1.25,0.9068097469410148
LKDS-00045,14.034394886208787,26.802745860077636,0.9999267580000719,0.7857331448816014
LKDS-00045,155.53835048885466,30.22071580217053,0.9999267580000719,8.67714397251832
LKDS-00045,16.768770839883103,11.478517491362794,7.324199992808644e-05,4.220787923934336
LKDS-00045,153.48756852359892,44.57618955896069,1.000073241999928,4.368761140701895
LKDS-00045,1.0046728589999532,73.28713707254101,1.000073241999928,4.503371160628672
LKDS-00045,145.28444066257597,115.66996435449292,1.000073241999928,5.0913809949182225
LKDS-00045,119.99146309108855,124.55668620393445,1.000073241999928,1.4238623791955662
LKDS-00250,194.85303266437694,110.92167398849824,1.25,2.737331398192822
LKDS-00250,273.7437063017671,114.78886387268403,1.25,17.93921233004707
LKDS-00250,175.51708324344798,9.734650398098438,115.0,0.6599149782099119
LKDS-00250,23.14980180652782,32.937789703213184,115.0,15.210278995696484
LKDS-00250,173.97020728977367,80.11750629027983,115.0,9.673315532866894
LKDS-00250,189.43896682651683,21.33622005065581,1.25,8.023121364776074
LKDS-00250,188.66552884967967,57.554453586734326,0.0,5.52776099032539
LKDS-00250,40.1654372969453,48.27319786468843,0.0,25.43657446688789
LKDS-00250,163.9155135908906,19.655992721713574,0.0,2.965467445190967
LKDS-00250,59.501386717874254,5.094022537075489,0.0,4.930376537505566
LKDS-00250,45.57950313480541,2.000270629726856,112.5,23.544600971404492
LKDS-00250,140.92193399187693,173.46988572179825,115.0,18.283529889757176
LKDS-00250,219.81260762926706,177.33707560598404,115.0,3.081648957902928
LKDS-00250,121.58598457094799,52.81356133520156,1.25,20.360946309740086
LKDS-00250,30.78129686597218,29.610422030086816,1.25,5.810582292253514
LKDS-00250,120.03910861727367,17.569294556979834,1.25,11.347545755083104
LKDS-00250,135.50786815401682,41.21199168264419,112.5,12.997739923173924
LKDS-00250,134.73443017717966,120.10266532003433,113.75,15.493100297624608
LKDS-00250,13.7656613755547,110.82140959798843,113.75,4.415713178937892
LKDS-00250,109.98441491839061,82.20420445501358,113.75,23.986328733140965
LKDS-00250,5.570288045374255,57.45418919622451,113.75,16.090484750444432
LKDS-00250,8.351595537694593,60.547941103573145,1.25,2.523739683454494
LKDS-00009,116.29460921287537,79.88588695526124,0.9999877930000594,4.52796449592627
LKDS-00009,33.57652959823608,4.553833055496227,1.2206999940644891e-05,0.5897432334133299
LKDS-00282,104.55636263801797,29.94191267245577,1.0000015259000037,11.085599988386036
LKDS-00282,25.96647668792947,33.93800856822298,1.0000015259000037,10.642378419324757
LKDS-00282,1.3238853306983316,50.5884081339197,0.9999984740999963,8.457480519697071
LKDS-00282,118.54269827320321,15.289561054642661,1.5259000036849102e-06,13.312481969282032
LKDS-00282,2.0061945824410117,16.6215930198984,1.5259000036849102e-06,11.760412305280568
LKDS-00282,97.23018682911142,22.615736863549216,1.5259000036849102e-06,10.244247048780323
LKDS-00282,17.30826891376718,27.277848741944297,1.5259000036849102e-06,12.023717015668751
LKDS-00282,146.51536954357368,65.90677573436068,1.5259000036849102e-06,22.044848352983593
LKDS-00282,85.2581924109246,130.51032604926394,1.5259000036849102e-06,3.0502329763621105
LKDS-00070,31.901799770813042,117.62823779034598,1.0,17.614802716478444
LKDS-00070,118.90100863315577,113.25714189457877,1.0,10.636913417085744
LKDS-00070,113.80139675476069,93.58721036362631,1.0,4.647897837862111
LKDS-00125,48.23274016831861,27.3228546583519,1.000016405999986,13.283701502190137
LKDS-00125,104.18715703035846,28.05918266414261,1.000016405999986,1.570401750908399
LKDS-00125,131.43780482266888,65.45447407127762,0.9999835940000139,0.6812530387501958
LKDS-00125,30.560868029341556,8.91465451358414,1.6405999986091047e-05,13.65329249988606
LKDS-00024,8.322969667684134,62.61584311627209,0.999975586000005,1.6259109719689455
LKDS-00024,9.006563656102713,120.72133213185131,1.000024413999995,12.680333350508985
LKDS-00024,127.95191764093548,87.22522669934094,1.000024413999995,9.524815772383985
LKDS-00024,41.13548111177593,84.49085074566662,1.000024413999995,7.214335654586133
LKDS-00024,174.43630885339886,46.89318138264477,1.000024413999995,0.8845088736121092
LKDS-00024,109.49487995363384,38.00645953320324,2.441399999497662e-05,6.149360869735059
LKDS-00163,1.3829248743874416,89.08497402124533,1.992200000699995e-05,1.6273370633474418
LKDS-00163,123.03118101779395,73.36231228761801,1.992200000699995e-05,10.09491006037082
LKDS-00163,156.52728645030433,56.272462577153526,1.992200000699995e-05,2.9462149987569877
LKDS-00163,43.73427836123878,52.85449263506063,1.992200000699995e-05,0.7116121401437692
LKDS-00163,157.2108804387229,15.940417260457359,1.992200000699995e-05,2.0505594362863473
LKDS-00197,155.88234409021854,28.324046384021912,1.0000015260000055,12.205122789622948
LKDS-00197,12.327606522316927,32.42561031453339,1.0000015260000055,2.442555269481346
LKDS-00197,38.30417808222293,12.601384650394593,0.9999984739999945,4.499088129283592
LKDS-00002,190.5020933000639,81.42645009422301,0.6999999877630501,1.962891052343359
LKDS-00002,211.77942775173932,47.0553713645935,0.6999999877630501,4.818481872655859
LKDS-00002,26.363046303550888,16.776631990432747,0.6999999877630501,11.450606872461329
LKDS-00002,188.86537526531964,38.05396644210816,0.6999999877630501,3.6705460053462886
LKDS-00002,39.10567508621962,69.96942385101318,0.699999988395092,3.447000930883398
LKDS-00002,212.59778676911145,15.139913955688485,0.699999988395092,10.515183399297705
LKDS-00002,35.832239016731094,22.504600843429557,3.1602098715666216e-10,6.542171428777685
LKDS-00002,51.38106034680159,35.59888938999177,3.1602098715666216e-10,6.773869941808691
LKDS-00128,127.37078901567601,117.88799428959013,57.0,0.7835654502943363
LKDS-00128,27.85519548692845,50.036453247262244,1.0,0.9841374641493168
LKDS-00128,160.54265352525852,51.544265270425086,55.0,14.58898727951797
LKDS-00128,130.38641306200168,0.4752495286929559,56.0,3.733292650596777
LKDS-00128,150.74187537470004,37.97395706195951,56.0,9.191911529915014
LKDS-00128,80.99972049522398,85.37234551239013,1.0,9.001758015974335
LKDS-00128,180.51531402397154,17.520804470062245,57.0,9.202330029829316
LKDS-00128,47.82785598564146,19.028616493225087,1.0,22.807179845197968
LKDS-00128,77.9840964488983,32.990898305892955,0.0,4.484899915083223
LKDS-00128,57.628634136199935,5.458308284759511,0.0,0.9737189642350144
LKDS-00268,20.378946571334478,98.63562515258789,1.0000122069999975,3.5735456585729004
LKDS-00268,17.535194663985845,59.53403642654419,1.0000122069999975,12.716438567653906
LKDS-00268,58.058659343703866,8.005071372985839,1.0000122069999975,4.0125325083887695
LKDS-00268,118.96489688874853,112.1434467124939,0.9999877930000025,6.457763946071875
LKDS-00268,137.44928428651465,48.86996677398682,0.9999877930000025,5.833152973636377
LKDS-00268,29.621140270217534,95.79187324523926,1.220699999748831e-05,5.695516788943994
LKDS-00268,101.90238544465673,97.21374919891358,1.220699999748831e-05,3.347013747707617
LKDS-00268,76.30861827851903,87.97155550003052,1.220699999748831e-05,3.359067165836084
LKDS-00268,10.425814895614263,82.99498966217041,1.220699999748831e-05,4.202011311038721
LKDS-00268,129.6289665413059,40.33871105194092,1.220699999748831e-05,31.013592040554297
LKDS-00268,128.4415190505825,8.005071372985839,1.220699999748831e-05,2.689515793308008
LKDS-00268,120.62120130537379,22.93476888656616,1.220699999748831e-05,0.9798876881444336
LKDS-00172,3.6211200135771406,23.292837367610844,0.6999999880324594,4.169691511400293
LKDS-00172,15.925817527157463,75.73068071786889,0.6999999880324594,5.116074510820459
LKDS-00172,22.371135272366203,28.566279159145267,0.6999999881256826,11.468983224622656
LKDS-00172,94.44150642333666,22.120961413936527,0.6999999881256826,15.094099572889258
LKDS-00172,13.957019291537605,20.65251089517602,0.6999999881256826,10.770659753091882
LKDS-00172,14.753941573483146,13.035317196292965,4.661160346586257e-11,0.04347080827529304
LKDS-00148,48.418256183473744,1.4332289290196627,1.1196732430107659e-10,11.942473960742735
LKDS-00148,7.56082751354424,22.93713875529835,0.6999999881910384,2.8723315469171773
LKDS-00148,11.861609478799977,51.60901852366993,0.6999999879671037,6.314645362720274
LKDS-00148,28.347940345613637,27.954717714763376,0.6999999879671037,4.063652587756895
LKDS-00148,152.28490219512733,20.070680897259024,0.6999999879671037,2.8368001707647075
LKDS-00243,5.460765743750734,53.04441491212138,0.0,8.539029532968799
LKDS-00243,6.89666292617877,105.72608450497874,0.0,9.189469272196094
LKDS-00243,19.254091596108275,40.68698624219188,1.0,8.90063088566045
LKDS-00243,12.61506655265729,92.71826485242137,1.0,12.392644340097705
LKDS-00048,132.54163513625303,56.73423915712354,0.6249389649999557,7.628531160867773
LKDS-00048,19.74862704718747,2.054843846874263,0.6250610350000443,2.4730165571803226
LKDS-00048,2.6587773367229914,47.16392331926343,0.6250610350000443,7.343283948385157
LKDS-00344,95.8566741943547,142.8824841976416,0.999951171899994,15.510282086858828
LKDS-00344,132.82541084291427,130.3395199775946,0.999951171899994,0.11827368782989289
LKDS-00344,124.2433826923558,169.28872466089842,1.000048828100006,20.825572537908634
LKDS-00344,122.26291465761153,115.1559317112219,4.882810000594873e-05,3.329736279974062
LKDS-00276,197.34903142940001,114.53744894603938,1.25,20.121897862344454
LKDS-00276,229.7533227015634,20.082387152712037,1.25,5.418973133950899
LKDS-00276,56.01116524230437,69.03355056385249,1.25,8.709111378579806
LKDS-00276,76.00530241023498,97.99057680706233,0.0,3.9905753870909715
LKDS-00276,92.55217454921203,78.68589264492243,0.0,8.357031987100314
LKDS-00276,18.091249923815298,68.34409755806178,0.0,4.498367383093169
LKDS-00338,37.44855477590434,19.389284176805432,2.441399999497662e-05,8.84872815471668
LKDS-00338,140.67124702710979,16.84119720937926,0.625024413999995,3.778026555595586
LKDS-00370,38.70950917406236,63.55393095777876,1.0000366209999356,1.8417831782549605
LKDS-00370,117.13807626561965,57.25705881880171,1.0000366209999356,10.451914178922774
LKDS-00370,119.49940331773604,50.17307766245253,3.662099993562151e-05,0.4645849589556441
LKDS-00055,161.43468713692738,145.5188886035214,0.6000000238365004,9.042117891697774
LKDS-00055,1.9659886353404517,129.27670634873013,0.6000000238365004,4.328902663798442
LKDS-00055,53.645659446039915,133.70639241821866,0.6000000238365004,9.85673695602883
LKDS-00055,31.497229098597288,123.37045825607876,5.357492227631155e-12,10.987348375706564
LKDS-00055,69.14956068924975,107.1282760012875,1.2000000476783583,2.0963924507187697
LKDS-00055,191.70420861176564,68.73766339905362,1.2000000476783583,4.449293555827251
LKDS-00055,204.9932668202312,101.22202790863614,0.6000000238472154,1.6542083641005663
LKDS-00055,215.3292009823711,73.16734946854214,5.357492227631155e-12,14.222646532444845
LKDS-00055,7.63166451521802,89.4095317233334,0.6000000238365004,12.927224932103048
LKDS-00055,40.35660123757434,88.67125071175198,0.6000000238365004,12.320329485325704
LKDS-00055,1.2277076237590308,32.56189383156399,0.6000000238365004,1.413426580042949
LKDS-00055,161.29916375812735,145.94591809152138,3.6493474908638746e-11,8.936480792447774
LKDS-00055,1.8304652565404496,129.70373583673012,3.6493474908638746e-11,4.434539763048442
LKDS-00055,53.51013606723991,134.13342190621864,3.6493474908638746e-11,9.75109985677883
LKDS-00055,31.361705719797285,123.79748774407875,0.6000000238053644,10.881711276456564
LKDS-00055,69.01403731044975,107.55530548928749,0.6000000238783514,1.9907553514687697
LKDS-00055,191.5686852329656,69.1646928870536,0.6000000238783514,4.554930655077251
LKDS-00055,204.85774344143118,101.64905739663612,1.2000000476472223,1.7598454633505662
LKDS-00055,215.19367760357107,73.59437895654213,0.6000000238053644,14.117009433194845
LKDS-00055,7.767187894018022,89.83656121133339,3.6493474908638746e-11,12.821587832853048
LKDS-00055,40.221077858774336,89.09828019975197,3.6493474908638746e-11,12.214692386075704
LKDS-00055,1.0921842449590287,32.98892331956398,3.6493474908638746e-11,1.519063679292949
LKDS-00113,3.8856938411999877,7.777074898800002,0.0,17.531303189119924
LKDS-00113,5.995068841199988,18.238550101199998,1.25,3.261056683382618
LKDS-00380,1.0282935220589877,10.945839515390233,0.0,1.5265820052488266
LKDS-00380,4.071318356336093,57.57086240357383,1.25,1.4893290970460953
LKDS-00380,4.670873435198331,69.9556341082476,91.25,9.916512248291212
LKDS-00380,27.983384879290128,38.62944685524924,135.0,2.5274722550050797
LKDS-00380,23.012733904660678,79.42634188240989,135.0,13.715732333435255
LKDS-00380,30.168932827173734,131.15097664898855,135.0,8.124699351562697
LKDS-00380,4.670873435198331,61.21344231671317,136.25,1.6324145767824234
LKDS-00380,31.026409713567233,46.6431226641558,1.25,2.5779259230955063
LKDS-00380,14.870097191988492,49.55718659466727,1.25,4.018151995910841
LKDS-00380,21.55570193940494,96.91072546547873,1.25,17.01473664976521
LKDS-00380,14.141581209360623,140.62168442315084,1.25,3.110110041870314
LKDS-00380,14.999058095754123,79.42634188240989,92.5,2.124234440551561
LKDS-00380,143.08891013449337,68.49860214299186,93.75,6.716314074768263
LKDS-00380,5.802415532241014,9.247867591209769,136.25,13.678528967648827
LKDS-00380,10.902027410636094,37.377155296973825,135.0,10.662617865353905
LKDS-00380,2.1598356191016705,49.76192700164759,45.0,2.2354347141087887
LKDS-00380,21.152675824990126,18.43573974864924,1.25,9.62447470739492
LKDS-00380,29.84344295896068,59.232634775809885,1.25,1.5637853710352543
LKDS-00380,23.338223772873732,110.95726954238856,1.25,4.027247610837304
LKDS-00380,2.1598356191016705,41.01973521011317,0.0,10.519532385617577
LKDS-00380,37.857118767867235,26.449415557555795,137.5,14.729872885495507
LKDS-00380,8.03938813768849,29.36347948806727,137.5,8.133794966489159
LKDS-00380,28.386410993704942,76.71701835887873,137.5,4.86278968736521
LKDS-00380,7.310872155060622,120.42797731655085,137.5,9.041836920529686
LKDS-00380,21.829767150054124,59.232634775809885,43.75,14.276181402951561
LKDS-00380,136.25820108019337,48.304895036391855,42.5,5.435632887631738
LKDS-00380,7.622764793858991,20.00753649849024,92.5,15.586739020198827
LKDS-00380,2.5231529154639105,66.63255938667383,91.25,12.570827917903905
LKDS-00380,11.265344706998334,79.0173310913476,1.25,4.143644766658789
LKDS-00380,34.57785615109013,47.69114383834925,42.5,11.532684759944921
LKDS-00380,16.418262632860674,88.48803886550989,42.5,0.34442468151474603
LKDS-00380,36.76340409897374,140.21267363208858,42.5,5.935457663387305
LKDS-00380,11.265344706998334,70.27513929981318,43.75,12.427742438167577
LKDS-00380,24.43193844176723,55.7048196472558,93.75,16.638082938045507
LKDS-00380,21.464568463788495,58.61888357776728,93.75,10.04200501903916
LKDS-00380,14.961230667604937,105.97242244857874,93.75,2.95457963481521
LKDS-00380,20.736052481160627,149.68338140625087,93.75,10.950046973079687
LKDS-00380,8.40458682395412,88.48803886550989,0.0,16.18439145550156
LKDS-00380,149.6833814062934,77.56029912609186,1.25,7.343842940181738
LKDS-00234,166.62426867206017,102.04158520062182,1.000073241999985,7.701766127069924
LKDS-00234,153.20630349833885,55.52597259838794,0.9999267580000151,18.29583322378013
LKDS-00234,30.172553875852444,102.93611621220325,7.324199998492986e-05,9.779557341059181
LKDS-00153,162.20446440039998,14.579050164500003,1.25,5.02595311788164
LKDS-00069,2.6759798386999947,3.087931451999978,1.0,1.7525036570097647
LKDS-00317,19.583348998955714,29.960624780145395,1.000024413999995,3.4305996468287603
LKDS-00317,135.1107330416956,13.789390478643668,2.441399999497662e-05,0.15785603020371042
LKDS-00317,25.052100906304346,21.992518339666617,2.441399999497662e-05,17.819189114310156
LKDS-00317,213.0404477214136,86.01533183046888,2.441399999497662e-05,11.018117947317968
LKDS-00317,198.68497396462345,111.30830940195631,2.441399999497662e-05,8.516046958230127
LKDS-00317,208.25528980248356,118.1442492861421,2.441399999497662e-05,6.2488374283534185
LKDS-00317,138.5287029837885,17.890954409155142,0.999975586000005,8.028089957497706
LKDS-00317,112.55213142388247,4.667647208657968,0.999975586000005,7.312630372307886
LKDS-00317,111.18494344704531,20.390308942285287,0.999975586000005,3.585531668923487
LKDS-00086,15.700998728111522,106.82232762610879,2.441409999676125e-05,20.031981239590138
LKDS-00086,17.115060751274363,108.23638964927163,0.9999755859000032,17.20098997143218
LKDS-00067,35.89372793763006,116.61055257326012,1.0000061040000077,4.728317496340722
LKDS-00067,24.112479844978694,47.39572002893334,1.0000061040000077,15.264963624041528
LKDS-00067,172.8507370147022,108.51094450956231,0.9999938959999923,14.665251252215356
LKDS-00067,29.266775885513667,102.62032046323662,0.9999938959999923,10.037925002139062
LKDS-00067,39.57536796658361,109.24727251535302,6.1040000076673095e-06,10.4335076780729
LKDS-00067,42.520679989746455,68.74923219686394,6.1040000076673095e-06,5.856476548153907
LKDS-00067,0.5499836596759593,1.2019283532535496,6.1040000076673095e-06,2.8474295111112298
LKDS-00190,157.89165184168957,73.25860171089832,0.9999877930000594,0.9679408831356451
LKDS-00190,47.9834168228612,60.391409919363895,0.9999877930000594,4.027740402722509
LKDS-00190,21.534189251373775,64.70628805388745,0.9999877930000594,0.8763013643978521
LKDS-00190,173.6182195868983,31.08280639420215,1.2206999940644891e-05,4.740364627337305
LKDS-00190,161.46587178378246,15.38205285300549,1.2206999940644891e-05,4.170875950360449
LKDS-00190,172.90337559847973,78.97735361824695,1.0000122069999406,2.085975245928614
LKDS-00190,192.20416328578136,27.508586452109256,1.0000122069999406,8.409623427891882
LKDS-00353,19.568369237513565,113.05777912649678,0.625,2.6229329350824226
LKDS-00353,91.75982728806017,8.409274392457476,0.625,12.379420662247645
LKDS-00353,45.5449484268141,37.354605489106646,0.625,7.636003995263087
LKDS-00353,68.0098120292711,37.354605489106646,0.0,8.812744164788233
LKDS-00145,159.89820343021424,65.30164236313661,1.1205912510000644,30.686673128590137
LKDS-00145,14.95138174529999,64.4403143573459,1.1205912510000644,26.321720087513476
LKDS-00145,27.009973826369936,27.72178226226012,0.1205912510000644,26.383429491505176
LKDS-00145,132.3357072449115,1.5633699346240348,0.8794087489999356,28.55027481316045
LKDS-00072,23.124995422361152,53.11521685118794,46.25,1.6973993097569142
LKDS-00072,137.30464525222567,30.71288049216389,27.5,1.5857749665950145
LKDS-00072,168.37885375022677,50.224592804862255,27.5,21.473610094669024
LKDS-00072,22.40233941077973,76.96286523337483,27.5,1.4761215959812795
LKDS-00072,145.97651739120272,4.697264075232738,45.0,15.532802752139727
LKDS-00072,20.23437137603547,38.66209661955952,45.0,12.037658861758867
LKDS-00072,112.01168484687592,43.720688700629466,45.0,6.189498118045488
LKDS-00072,31.074205446245415,84.18942534918904,45.0,4.388220003726641
LKDS-00072,1.445308971407158,33.603504538489574,3.75,5.297560862186113
LKDS-00072,26.738275480268257,50.224592804862255,3.75,1.8728439127232228
LKDS-00072,166.93354172706393,59.619120955420726,52.5,0.5890625203822459
LKDS-00072,2.8906270980813673,87.80270540709614,52.5,7.992273501041094
LKDS-00072,14.453117179872734,94.30660951132893,52.5,3.1510183130528127
LKDS-00072,156.81635756492403,134.05269014830708,52.5,7.6105024133946095
LKDS-00072,130.80074114799288,139.83393824095845,52.5,8.021954706790606
LKDS-00072,0.7226590633371046,9.033200144721263,1.25,24.127493075015703
LKDS-00072,32.51951746940826,109.48238575453877,1.25,8.892690828921953
LKDS-00072,20.2343652725241,79.85348927970051,47.5,1.203795603397051
LKDS-00072,3.613277006151421,115.98628985877156,47.5,2.0810477052952443
LKDS-00072,123.57418103217866,50.224592804862255,28.75,2.33703821051375
LKDS-00072,130.80074114799288,24.931632399512523,51.25,2.0502153123591746
LKDS-00072,140.91792531013277,26.376944422675365,51.25,2.5317546640659963
LKDS-00072,49.863267850873726,36.49412858481526,51.25,2.454085656521162
LKDS-00072,138.0273012638071,66.12302505965351,51.25,17.503288439395586
LKDS-00072,5.781251144407051,119.59956991667866,51.25,3.5091222013209666
LKDS-00072,179.21869392394808,134.7753461598885,51.25,10.435269526126543
LKDS-00072,25.292963457105415,44.44334471221089,50.0,23.886135271670977
LKDS-00072,11.56249313354705,76.2402092217934,30.0,2.881330183627764
LKDS-00072,82.28554415073886,31.887472755687938,50.0,7.499311412663086
LKDS-00072,31.894105679125644,9.48513639666389,31.25,10.782485689015015
LKDS-00072,62.96831417712674,28.996848709362254,31.25,12.276899372249023
LKDS-00072,83.00820016232028,55.73512113787483,31.25,7.720589126438721
LKDS-00072,40.565977818102695,16.530480020267262,48.75,6.336092029719726
LKDS-00072,85.17616819706454,17.43435252405952,48.75,2.8409481393388667
LKDS-00072,6.601145273775913,22.492944605129466,48.75,3.007212604374512
LKDS-00072,136.48474501934544,62.96168125368904,48.75,4.80849071869336
LKDS-00072,106.85584854450717,12.375760442989574,0.0,3.899149860233887
LKDS-00072,78.67226409283175,28.996848709362254,0.0,7.323866809696778
LKDS-00072,61.5230021539639,38.391376859920726,56.25,9.785773242802247
LKDS-00072,102.51991247501864,66.57496131159614,56.25,1.2044372213789067
LKDS-00072,119.86365675297274,73.07886541582893,56.25,6.045692409367188
LKDS-00072,51.40581799182401,112.82494605280708,56.25,1.5862083090253911
LKDS-00072,25.390201574892856,118.60619414545845,56.25,1.174756015629395
LKDS-00072,104.6878805097629,12.194543950778737,5.0,14.930782352595703
LKDS-00072,137.93005704250828,88.25464165903877,5.0,0.30401989349804737
LKDS-00072,125.64490484562411,58.62574518420051,51.25,7.99291511902295
LKDS-00072,109.02381657925143,94.75854576327156,51.25,7.115663017124756
LKDS-00072,18.163641459078647,28.996848709362254,32.5,6.8596725119062505
LKDS-00072,25.390201574892856,3.703888304012523,55.0,11.246926034779175
LKDS-00072,35.50738573703275,5.149200327175365,55.0,6.664956058354004
LKDS-00072,55.547271722226284,15.266384489315257,55.0,11.650796378941163
LKDS-00072,32.616761690707065,44.895280964153514,55.0,8.306577716975585
LKDS-00072,99.62928842869296,98.37182582117866,55.0,12.705832923740967
LKDS-00072,73.80815435084806,113.5476020643885,55.0,1.2385588037065425
LKDS-00072,80.1175761159946,23.215600616710887,53.75,14.689424549250976
LKDS-00072,116.97303270664706,55.01246512629341,33.75,6.315380538792237
LKDS-00072,13.878728233638853,48.638602188187946,5.0,11.951049530663084
LKDS-00072,100.30092159622565,26.236265829163898,23.75,15.234223807015013
LKDS-00072,131.37513009422673,45.74797814186226,23.75,7.825161254249025
LKDS-00072,14.601384245220274,72.48625057037484,23.75,12.17232724443872
LKDS-00072,108.9727937352027,0.2206494122327456,6.25,1.884353911719728
LKDS-00072,16.769352279964536,34.18548195655953,6.25,1.6107899786611313
LKDS-00072,75.00796119087592,39.244074037629474,6.25,7.45895072237451
LKDS-00072,68.07792910224542,79.71281068618904,6.25,9.260228836693358
LKDS-00072,38.44903262740716,29.12688987548958,55.0,8.350887978233885
LKDS-00072,10.265448175731748,45.74797814186226,55.0,11.775604927696776
LKDS-00072,129.9298180710639,55.142506292420734,1.25,14.237511360802245
LKDS-00072,34.11309655791864,83.32609074409615,1.25,5.656175339378905
LKDS-00072,51.45684083587274,89.82999484832894,1.25,10.497430527367186
LKDS-00072,119.81263390892401,129.5760754853071,1.25,6.037946427025389
LKDS-00072,93.79701749199286,135.35732357795845,1.25,5.626494133629393
LKDS-00072,36.2810645926629,4.556585481721271,50.0,10.479044234595705
LKDS-00072,69.52324112540826,105.00577109153878,50.0,4.755758011498045
LKDS-00072,57.23808892852411,75.37687461670052,3.75,12.444653237022948
LKDS-00072,40.617000662151426,111.50967519577156,3.75,11.567401135124754
LKDS-00072,86.57045737617865,45.74797814186226,22.5,11.311410629906248
LKDS-00072,93.79701749199286,20.45501773651253,0.0,15.698664152779173
LKDS-00072,103.91420165413275,21.900329759675373,0.0,11.116694176354002
LKDS-00072,12.85954419487372,32.017513921815265,0.0,16.10253449694116
LKDS-00072,101.02357760780707,61.64641039665352,0.0,3.8548395989755875
LKDS-00072,31.222472511592954,115.12295525367867,0.0,17.157571041740965
LKDS-00072,142.21497026794805,130.2987314968885,0.0,3.2131793142934555
LKDS-00072,11.71076019889459,39.966730049210895,1.25,10.237686431250978
LKDS-00072,48.566216789547056,71.76359455879341,21.25,10.767118656792235
LKDS-00072,21.32572943436115,26.767768592287936,0.0,0.8777858336330864
LKDS-00072,135.50537926422567,4.365432233263888,18.75,4.160960109985015
LKDS-00072,166.57958776222677,23.877144545962253,18.75,18.898424951279022
LKDS-00072,20.60307342277973,50.615416974474826,18.75,1.0990635474087211
LKDS-00072,144.17725140320272,21.650184183667264,1.25,12.957617608749725
LKDS-00072,18.435105388035467,12.314648360659518,1.25,9.462473718368866
LKDS-00072,110.21241885887592,17.373240441729465,1.25,3.614312974655488
LKDS-00072,32.87347143424542,57.841977090289035,1.25,1.8130348603366402
LKDS-00072,3.24457495940716,7.256056279589572,50.0,2.722375718796113
LKDS-00072,24.939009492268255,23.877144545962253,50.0,0.7023412306667778
LKDS-00072,165.13427573906392,33.271672696520724,6.25,3.1642476637722465
LKDS-00072,1.0913611100813654,61.45525714819614,6.25,5.417088357651093
LKDS-00072,16.252383167872736,67.95916125242893,6.25,0.5758331696628121
LKDS-00072,155.01709157692403,107.70524188940708,6.25,5.035317270004609
LKDS-00072,129.00147515999288,113.48648998205844,6.25,5.446769563400605
LKDS-00072,1.0766069246628973,17.31424811417874,45.0,21.552307931625702
LKDS-00072,34.31878345740826,83.13493749563877,45.0,6.317505685531953
LKDS-00072,22.033631260524103,53.50604102080051,1.25,1.3713895399929497
LKDS-00072,5.412542994151423,89.63884159987155,1.25,0.4941374380947563
LKDS-00072,121.77491504417866,23.877144545962253,17.5,0.23814693287625044
LKDS-00072,129.00147515999288,1.4158158593874788,5.0,4.625400455749175
LKDS-00072,139.11865932213277,0.029496163775363016,5.0,0.043430479324004345
LKDS-00072,48.064001862873724,10.146680325915256,5.0,5.0292707999111625
LKDS-00072,136.2280352758071,39.77557680075351,5.0,14.928103296005585
LKDS-00072,3.981985156407049,93.25212165777866,5.0,6.084307344710967
LKDS-00072,177.41942793594808,108.4278979009885,5.0,7.8600843827365425
LKDS-00072,23.493697469105413,18.095896453310885,3.75,21.310950128280975
LKDS-00072,13.361759121547053,49.892760962893405,16.25,0.30614504023776323
LKDS-00072,9.453124932961146,16.23046339528794,17.5,1.8160254331269137
LKDS-00072,123.63277476282565,6.1718729637361065,1.25,1.467148843225015
LKDS-00072,154.70698326082675,13.339839348962258,1.25,21.592236218039023
LKDS-00072,8.730468921379725,40.07811177747483,1.25,1.594747719351279
LKDS-00072,132.3046469018027,32.18748938066726,16.25,15.651428875509726
LKDS-00072,6.562500886635462,1.7773431636595234,16.25,12.156284985128867
LKDS-00072,98.33981435747592,6.83593524472947,16.25,6.308124241415488
LKDS-00072,44.74607593564542,47.30467189328904,16.25,4.50684612709664
LKDS-00072,15.117179460807165,3.281248917410423,32.5,5.416186985556113
LKDS-00072,13.06640499086825,13.339839348962258,32.5,1.9914700360932223
LKDS-00072,153.2616712376639,22.73436749952073,23.75,0.4704363970122465
LKDS-00072,10.78124339131864,50.917951951196144,23.75,8.110899624411093
LKDS-00072,28.12498766927274,57.42185605542893,23.75,3.269644436422812
LKDS-00072,143.144487075524,97.16793669240708,23.75,7.729128536764609
LKDS-00072,117.12887065859286,102.94918478505845,23.75,8.140580830160605
LKDS-00072,12.949211426062902,27.851553311178733,27.5,24.246119198385703
LKDS-00072,46.191387958808264,72.59763229863877,27.5,9.011316952291953
LKDS-00072,33.90623576192411,42.968735823800515,18.75,1.3224217267670504
LKDS-00072,17.285147495551428,79.10153640287156,18.75,2.1996738286652437
LKDS-00072,109.90231054277865,13.339839348962258,0.0,2.4556643338837496
LKDS-00072,117.12887065859286,11.953121056387474,22.5,1.9315891889891752
LKDS-00072,127.24605482073275,10.507809033224632,22.5,2.6503807874359957
LKDS-00072,36.19139736147372,0.3906248710847393,22.5,2.3354595331511625
LKDS-00072,124.35543077440707,29.238271603753518,22.5,17.621914562765586
LKDS-00072,7.890619344992956,82.71481646077866,22.5,3.390496077950967
LKDS-00072,165.54682343454806,97.8905927039885,22.5,10.553895649496543
LKDS-00072,11.621092967705408,7.558591256310891,21.25,24.004761395040976
LKDS-00072,25.234363622947058,39.35545576589341,1.25,2.9999563069977633
LKDS-00288,88.28091183619998,30.835345233228395,1.111225112999989,23.652602033540965
LKDS-00288,110.7106036277344,27.720110262181947,1.111225112999989,20.027219610140087
LKDS-00288,80.18130091147921,31.46935418770056,1.111225112999989,12.35089333526826
LKDS-00288,18.883171167797826,17.751358354833314,0.11122511299998905,3.1220137310769545
LKDS-00288,92.01919380145571,22.746696268770506,0.11122511299998905,14.366309480592967
LKDS-00288,158.6852221818497,99.38147655651312,0.11122511299998905,16.38910897247529
LKDS-00288,137.50162437873385,104.36585251018744,0.11122511299998905,19.38547118179536
LKDS-00288,4.553090300984167,33.32753321006555,0.888774887000011,14.47396691314912
LKDS-00288,101.36489871459506,0.30604251697320706,0.888774887000011,22.64931591026521
LKDS-00288,97.00356975513003,7.1705214135382676,0.888774887000011,19.02231200210786
LKDS-00288,55.64294382614591,19.63146129772406,0.888774887000011,21.85516031257844
LKDS-00329,43.30718928659999,16.5498481781,0.0,11.681998429819725
LKDS-00329,23.775939286599993,20.1689018219,0.0,24.047643600031517
LKDS-00014,161.2184026216263,4.181465884013065,1.0,0.8964945632427739
LKDS-00014,115.32389354455415,59.47865960999023,1.0,5.1802813369244145
LKDS-00014,146.41372227418367,39.492341140942685,1.0,11.39720279393496
LKDS-00059,168.8857532092262,20.869285827618114,78.99996337900006,9.555301095525
LKDS-00059,42.686598116986815,9.617026919383534,78.99996337900006,5.6894719347560665
LKDS-00059,49.77643829070813,38.68537163164092,3.662099993562151e-05,5.558077241460059
LKDS-00059,10.073333317868773,80.51542865659667,3.662099993562151e-05,3.3519516930187008
LKDS-00059,163.21388107024916,34.43146752740813,0.9999633790000644,15.39258899835703
LKDS-00059,29.21590178691632,89.73222088243438,0.9999633790000644,3.1583429321849605
LKDS-00059,200.79003399097212,101.07596516038848,0.9999633790000644,6.273439790288184
LKDS-00059,139.1084244795967,22.287253862362377,1.0000366209999356,5.52279720159414
LKDS-00059,7.237397248380248,5.2716374454312245,1.0000366209999356,2.4460555061900875
LKDS-00059,9.778219168550905,41.521307701129444,1.0000366209999356,4.443554018458154
LKDS-00059,4.401461178891722,47.90216385747863,1.0000366209999356,0.24324998708608359
LKDS-00059,22.126061613195006,82.64238070871306,1.0000366209999356,3.580857659856055
LKDS-00059,158.25099294864424,78.38847660448027,77.99996337900006,11.14764728693125
LKDS-00059,35.202207803726196,28.19811665961811,0.9999633790000644,10.822273399385
LKDS-00059,90.99694728851318,2.2881960873835396,0.9999633790000644,4.422499630896067
LKDS-00059,83.90710711479187,31.356540799640925,78.00003662099994,6.825049545320058
LKDS-00059,123.61021208763123,73.18659782459667,78.00003662099994,2.0849793891587014
LKDS-00059,29.530335664749146,27.102636695408137,77.00003662099994,16.659561302217032
LKDS-00059,104.46764361858368,82.40339005043438,77.00003662099994,1.8913706283249612
LKDS-00059,67.1064885854721,93.74713432838848,77.00003662099994,7.540412094148183
LKDS-00059,5.42487907409668,29.61608469436237,79.00003662099994,4.255824897734141
LKDS-00059,126.44614815711975,12.600468277431219,79.00003662099994,1.1790832023300881
LKDS-00059,143.4617645740509,34.19247686912945,79.00003662099994,3.1765817145981545
LKDS-00059,129.28208422660828,40.57333302547863,79.00003662099994,1.0237223167739158
LKDS-00059,111.55748379230499,75.31354987671307,79.00003662099994,4.8478299637160545
LKDS-00059,24.567447543144226,71.05964577248028,3.662099993562151e-05,12.41461959079125
LKDS-00115,122.62425630963224,79.19901092721369,1.5258799948014712e-06,0.41742132815038957
LKDS-00115,25.909427580002728,69.22049685193446,1.5258799948014712e-06,3.7947807184091786
LKDS-00115,157.93284457600492,39.28495462609675,1.5258799948014712e-06,21.18555809346521
LKDS-00115,168.67893665707487,15.490036446584725,1.5258799948014712e-06,18.834742082036378
LKDS-00115,120.32152229226011,27.49433187769506,1.0000015258799948,12.999114049352052
LKDS-00115,40.10228091799837,0.1384763307705157,0.9999984741200052,11.21319390622461
LKDS-00202,78.6225596847,86.06400187699998,1.2206999940644891e-05,0.1784622693653315
LKDS-00202,39.97119031530001,42.93900187699998,1.2206999940644891e-05,2.025464298784277
LKDS-00202,139.71630968469998,26.40775187699998,1.2206999940644891e-05,6.429993393480322
LKDS-00202,134.68505968469998,60.90775187699998,0.9999877930000594,12.64190840476797
LKDS-00202,103.7788096847,0.5327518769999813,1.0000122069999406,4.8007905458812505
LKDS-00233,18.921168705321357,7.346812260872198,0.9999938960000065,11.01206342394336
LKDS-00233,122.55393113741974,23.743016468757318,0.9999938960000065,12.54134519879834
LKDS-00233,149.20235576281647,44.469568955176996,0.9999938960000065,6.947428305792968
LKDS-00233,223.96599151740173,117.752736675018,0.9999938960000065,3.1390844184638667
LKDS-00233,209.1613111699591,139.21952317880982,0.9999938960000065,7.9576078254462885
LKDS-00233,1.0651497637261897,40.65734304261811,6.103999993456455e-06,0.7694029014824224
LKDS-00255,138.86514301987705,59.769740920818606,0.9999145509999607,13.059349579144335
LKDS-00255,38.58990637568418,33.99826071814374,0.9999145509999607,10.48466868944087
LKDS-00255,21.052662093363367,30.316620689190188,0.9999145509999607,7.676928954791212
LKDS-00255,121.19327088089999,8.963108521259585,0.9999145509999607,8.294147926043653
LKDS-00255,132.97451897355137,54.61544488028363,1.0000854490000393,3.263485473919726
LKDS-00255,4.853445965967737,19.27170060232953,1.0000854490000393,0.7699942166320319
LKDS-00255,98.36710270138796,14.853732567585268,1.0000854490000393,6.492146926592969
LKDS-00255,49.63482646254484,26.380635756694517,1.0000854490000393,10.3265370900146
LKDS-00255,30.624926168642602,60.506068926609316,8.544900003926159e-05,14.396473603915357
LKDS-00255,139.60147102566776,59.033412915027895,8.544900003926159e-05,12.823578399945117
LKDS-00255,19.580006081781946,32.52560470656232,8.544900003926159e-05,12.595310645770216
LKDS-00255,42.27154640463773,33.26193271235303,8.544900003926159e-05,9.790138202380323
LKDS-00255,121.9295988866907,9.699436527050295,8.544900003926159e-05,10.14979548997798
LKDS-00255,154.32803114148197,24.171651739322385,8.544900003926159e-05,10.793195682238721
LKDS-00170,8.315608884833864,7.442659103387939,0.9999267580000151,3.802851858773046
LKDS-00170,171.0109781284557,49.141892396921264,7.324199998492986e-05,18.35539931360703
LKDS-00170,57.53437605097156,1.4440627460535893,7.324199998492986e-05,4.198145207724757
LKDS-00170,201.77270760729175,45.87767199326123,7.324199998492986e-05,3.271150770821386
LKDS-00177,208.3554276227951,49.81209956549995,1.0000854490000393,14.00693152938008
LKDS-00177,153.05462276935577,47.29842661761634,1.0000854490000393,11.863224253989454
LKDS-00177,198.30073583126068,12.191833148962331,1.0000854490000393,1.7103736540305663
LKDS-00177,154.7304047346115,62.46529210663445,1.0000854490000393,4.210320697165723
LKDS-00177,197.4628448486328,12.191833148962331,0.9999145509999607,7.2906048158180665
LKDS-00177,186.57026207447052,79.97617494010322,8.544900003926159e-05,7.306880221701856
LKDS-00177,175.67767930030823,37.32856262779839,8.544900003926159e-05,5.064475788735156
LKDS-00161,11.464867414212009,23.925159584275377,0.6999999881234444,4.83391824075664
LKDS-00161,154.65434044716335,80.51501120208849,4.4373393848218257e-11,8.639320996493945
LKDS-00161,195.81059616920925,58.22203935264696,4.4373393848218257e-11,3.0217536418727544
LKDS-00161,161.51371640083767,42.09633396983992,0.6999999880346977,2.040640208034864
LKDS-00010,2.0499354999104042,137.42241954778467,1.000024413999995,8.847600762871895
LKDS-00010,176.4834827582875,46.18025636647974,2.441399999497662e-05,2.128988440008965
LKDS-00010,206.00300614047438,92.69586896871363,2.441399999497662e-05,0.13271158454021492
LKDS-00010,12.784307638887455,161.57475686048303,2.441399999497662e-05,2.1978065323551563
